-- PRODUCTS
INSERT INTO tbl_product (fld_name, fld_date_created)
VALUES
('vegetable-121', '2019-04-17 21:05:17.000000+02'),
('vegetable-122', '2019-04-18 21:05:18.000000+02'),
('vegetable-123', '2019-04-19 21:05:19.000000+02'),
('vegetable-124', '2019-04-20 21:05:20.000000+02');


-- STOCKS
INSERT INTO tbl_stock (fld_uuid, fld_product_id, fld_quantity, fld_date_updated)
VALUES
('3f01795c-2b80-4e90-8065-0767a11588ed', 'vegetable-121', 500, '2019-04-21 15:05:21.000000+02'),
('920dddec-0900-4f8d-b4f1-a05ddeaa4159', 'vegetable-122', 600, '2019-04-22 16:05:22.000000+02'),
('c081fc48-332b-46d8-8b22-35eb8e02cc03', 'vegetable-123', 700, '2019-04-23 17:05:23.000000+02'),
('d081fc48-332b-46d8-8b22-45eb8e02cc04', 'vegetable-124', 800, '2019-04-24 18:05:24.000000+02');


-- STOCK EVENTS
-- Stock item 1
INSERT INTO tbl_stock_event (fld_uuid, fld_stock_id, fld_quantity_change, fld_date_changed)
VALUES
('15cb55ca-9bc2-44da-914c-f7fa5273102a', '3f01795c-2b80-4e90-8065-0767a11588ed', -5, '2019-04-21 15:05:15.000000+02'),
('25cb55ca-9bc2-44da-914c-f7fa5273102a', '3f01795c-2b80-4e90-8065-0767a11588ed', 40, '2019-04-21 16:05:15.000000+02'),
('35cb55ca-9bc2-44da-914c-f7fa5273102a', '3f01795c-2b80-4e90-8065-0767a11588ed', 20, '2019-04-21 17:05:15.000000+02'),
('45cb55ca-9bc2-44da-914c-f7fa5273102a', '3f01795c-2b80-4e90-8065-0767a11588ed', -30, '2019-04-21 18:05:15.000000+02'),
('55cb55ca-9bc2-44da-914c-f7fa5273102a', '3f01795c-2b80-4e90-8065-0767a11588ed', 50, '2019-04-21 19:05:15.000000+02');
-- Stock item 2
INSERT INTO tbl_stock_event (fld_uuid, fld_stock_id, fld_quantity_change, fld_date_changed)
VALUES
('0df0c2fe-b323-4662-96f6-06b399473ac5', '920dddec-0900-4f8d-b4f1-a05ddeaa4159', 10, '2019-03-21 10:05:15.000000+02'),
('1df0c2fe-b323-4662-96f6-06b399473ac5', '920dddec-0900-4f8d-b4f1-a05ddeaa4159', 40, '2019-04-04 11:05:15.000000+02'),
('2df0c2fe-b323-4662-96f6-06b399473ac5', '920dddec-0900-4f8d-b4f1-a05ddeaa4159', 20, '2019-04-05 12:05:15.000000+02'),
('3df0c2fe-b323-4662-96f6-06b399473ac5', '920dddec-0900-4f8d-b4f1-a05ddeaa4159', -30, '2019-04-06 13:05:15.000000+02'),
('4df0c2fe-b323-4662-96f6-06b399473ac5', '920dddec-0900-4f8d-b4f1-a05ddeaa4159', 100, '2019-04-07 14:05:15.000000+02'),
('5df0c2fe-b323-4662-96f6-06b399473ac5', '920dddec-0900-4f8d-b4f1-a05ddeaa4159', -10, '2019-04-21 15:05:15.000000+02'),
('6df0c2fe-b323-4662-96f6-06b399473ac5', '920dddec-0900-4f8d-b4f1-a05ddeaa4159', -5, '2019-04-21 16:05:15.000000+02'),
('7df0c2fe-b323-4662-96f6-06b399473ac5', '920dddec-0900-4f8d-b4f1-a05ddeaa4159', -25, '2019-04-21 17:05:15.000000+02'),
('8df0c2fe-b323-4662-96f6-06b399473ac5', '920dddec-0900-4f8d-b4f1-a05ddeaa4159', -15, '2019-04-21 18:05:15.000000+02'),
('9df0c2fe-b323-4662-96f6-06b399473ac5', '920dddec-0900-4f8d-b4f1-a05ddeaa4159', -20, '2019-04-22 19:05:15.000000+02'),
('0ef0c2fe-b323-4662-96f6-06b399473ac5', '920dddec-0900-4f8d-b4f1-a05ddeaa4159', 60, '2019-04-22 20:05:15.000000+02'),
('0ff0c2fe-b323-4662-96f6-06b399473ac5', '920dddec-0900-4f8d-b4f1-a05ddeaa4159', 20, '2019-04-24 21:05:15.000000+02'),
('00f0c2fe-b323-4662-96f6-06b399473ac5', '920dddec-0900-4f8d-b4f1-a05ddeaa4159', -30, '2019-04-24 22:05:15.000000+02');

-- Stock item 3
INSERT INTO tbl_stock_event (fld_uuid, fld_stock_id, fld_quantity_change, fld_date_changed)
VALUES
('17f3da6c-506a-4762-aa8f-acfc959296b1', 'c081fc48-332b-46d8-8b22-35eb8e02cc03', -10, '2019-04-21 10:05:15.000000+02'),
('27f3da6c-506a-4762-aa8f-acfc959296b2', 'c081fc48-332b-46d8-8b22-35eb8e02cc03', 140, '2019-04-22 11:05:15.000000+02'),
('37f3da6c-506a-4762-aa8f-acfc959296b3', 'c081fc48-332b-46d8-8b22-35eb8e02cc03', -20, '2019-04-23 12:05:15.000000+02'),
('47f3da6c-506a-4762-aa8f-acfc959296b4', 'c081fc48-332b-46d8-8b22-35eb8e02cc03', 30, '2019-04-24 13:05:15.000000+02'),
('57f3da6c-506a-4762-aa8f-acfc959296b5', 'c081fc48-332b-46d8-8b22-35eb8e02cc03', 200, '2019-04-25 14:05:15.000000+02'),
('67f3da6c-506a-4762-aa8f-acfc959296b6', 'c081fc48-332b-46d8-8b22-35eb8e02cc03', -90, '2019-04-26 15:05:15.000000+02'),
('77f3da6c-506a-4762-aa8f-acfc959296b7', 'c081fc48-332b-46d8-8b22-35eb8e02cc03', -5, '2019-04-27 16:05:15.000000+02'),
('87f3da6c-506a-4762-aa8f-acfc959296b8', 'c081fc48-332b-46d8-8b22-35eb8e02cc03', -45, '2019-04-28 17:05:15.000000+02'),
('97f3da6c-506a-4762-aa8f-acfc959296b9', 'c081fc48-332b-46d8-8b22-35eb8e02cc03', -25, '2019-04-29 18:05:15.000000+02'),
('10f3da6c-506a-4762-aa8f-acfc959296b0', 'c081fc48-332b-46d8-8b22-35eb8e02cc03', -10, '2019-04-30 19:05:15.000000+02');
